step_idx,round,train_loss,test_acc,test_auc,asr,attack_auc
0,0,2.4215,0.1065,0.5006,0.00018518518518518518,0.6977495596508634
1,10,5.225,0.3268,0.7117,0.6295384131229714,0.8301022471027862
2,20,2.9491,0.449,0.8156,0.767944936086529,0.8274429959155987
3,30,1.7781,0.5242,0.8719,0.024359502902023947,0.7716623418442203
4,40,1.314,0.5697,0.9008,0.6337984967676016,0.7818962154518662
5,50,1.2661,0.5954,0.9093,0.04675837274728579,0.7088437932495786
6,60,1.164,0.6217,0.9159,0.5232008278163981,0.6963534064481767
7,70,1.0181,0.6392,0.9203,0.4675265218838136,0.6719736001124824
8,80,0.8453,0.6548,0.9326,0.4378863049976763,0.666446089309397
9,90,0.7768,0.6759,0.9397,0.41494490471305717,0.6353181737619485
10,100,0.7613,0.6838,0.9409,0.10076080066468963,0.5862898392291814
11,110,0.6986,0.7013,0.9451,0.09282830446012066,0.6101511662496061
12,120,0.674,0.707,0.9462,0.08548227935263035,0.5818866431432248
13,130,0.6467,0.7079,0.946,0.04694277272984878,0.5458425120548114
14,140,0.5956,0.7177,0.9495,0.04727389844934713,0.5197345841101713
15,150,0.5537,0.7218,0.9502,0.047631288726005236,0.5065632429087292
16,160,0.5405,0.7233,0.9491,0.04906071115769836,0.5273149539257321
17,170,0.5221,0.7289,0.9521,0.04549449906728963,0.519731474263242
18,180,0.4706,0.7306,0.9519,0.049432726258485694,0.5164047329822853
19,190,0.4656,0.7319,0.9516,0.0316772468376305,0.5003499072558658
20,200,0.3908,0.7488,0.9561,0.03849954739730152,0.49407351438632185
21,210,0.3723,0.7492,0.9549,0.034891607788927886,0.46540016077571855
22,220,0.4774,0.7221,0.9463,0.028353194374264735,0.4613818011136657
23,230,0.3193,0.7534,0.9563,0.03524351417892563,0.4767571910911582
24,240,0.2816,0.7554,0.9577,0.03950097140932946,0.4755479446612816
25,250,0.2662,0.7577,0.9564,0.04063742613163411,0.47457507884195455
26,260,0.2835,0.7518,0.9559,0.04548094363664097,0.4716453315098473
27,270,0.2265,0.7577,0.9572,0.04594617356781595,0.48739515214003276
28,280,0.3852,0.7475,0.9495,0.0467370126754071,0.47891332537403364
29,290,0.2451,0.7534,0.9536,0.042928538536476095,0.4814991901932791
30,300,0.1661,0.7743,0.9601,0.044873721805216746,0.4845767276483046
31,310,0.2047,0.7652,0.9593,0.05138725073467721,0.49654392579145157
32,320,0.1705,0.762,0.9582,0.04365063986616399,0.47005671076194
33,330,0.2667,0.7526,0.9527,0.03659896986869647,0.4494798850665022
34,340,0.1515,0.7632,0.9585,0.020872903263917497,0.415085948129545
35,350,0.2408,0.7559,0.9551,0.020880783118935632,0.4140157719121864
36,360,0.226,0.7467,0.9528,0.0321521316466175,0.43544102965361825
37,370,0.2781,0.7516,0.9503,0.03551502414183137,0.44420946872699274
38,380,0.1401,0.7625,0.958,0.031312766503518503,0.4497201801759273
39,390,0.0914,0.7762,0.962,0.027663120500723462,0.4346653054948753
40,400,0.1722,0.7648,0.9585,0.02161314470734872,0.42858601866861973
41,410,0.3196,0.7494,0.95,0.020908878324085053,0.44642676820951205
42,420,0.2363,0.7706,0.9582,0.02436192045783517,0.44534129350309004
43,430,0.1425,0.771,0.9593,0.02858239483174084,0.4773553752708582
44,440,0.1648,0.7548,0.9576,0.028542014081809588,0.4832507516775707
45,450,0.1942,0.7617,0.9593,0.016303026126095133,0.44465230563660574
46,460,0.1397,0.769,0.9608,0.01461038678093829,0.4304403027511887
47,470,0.1343,0.7724,0.9601,0.014388716636378389,0.44275638214226165
48,480,0.1093,0.7736,0.9616,0.019979508613875922,0.45773692288868006
49,490,0.1798,0.7633,0.957,0.02524289297442975,0.4689402270308286
50,500,0.2468,0.7487,0.9544,0.018887998662037067,0.46852012936555254
51,510,0.337,0.736,0.9507,0.02411252481865711,0.4814852601969733
52,520,0.2786,0.7547,0.957,0.01760439044461417,0.4598847625599071
53,530,0.3944,0.7568,0.9562,0.022985787786475316,0.4631978187146854
54,540,0.3656,0.7453,0.9552,0.02328601065991849,0.4699716656373703
55,550,0.1479,0.7559,0.9578,0.021558113296588553,0.4727635044790998
56,560,0.1476,0.76,0.9586,0.024982341325917264,0.5098624857134286
57,570,0.2203,0.7543,0.955,0.018705691749936595,0.4722194642408388
58,580,0.219,0.7516,0.9561,0.015026906448048718,0.4464515287769032
59,590,0.1458,0.7591,0.9578,0.01646037062267592,0.4708726561838765
60,600,0.1745,0.749,0.9553,0.010731718459757823,0.4547675064244509
61,,,,,0.015032084996365032,0.471220282552879
62,,,,,0.0282286656171049,0.5054067998102357
63,,,,,0.022516178151120454,0.49356439501423155
64,,,,,0.034506450785531266,0.5019362932232518
65,,,,,0.016363126480213024,0.4831849735880033
66,,,,,0.0237073482768857,0.5060990941525181
67,,,,,0.01571136809090288,0.48193666900918486
68,,,,,0.020235035249256222,0.4948536727961784
69,,,,,0.029911489802378382,0.5268005054249552
70,,,,,0.029069109785874972,0.5066083215047387
71,,,,,0.021416767438804774,0.4973826880497835
72,,,,,0.01751675433852179,0.4878759880883392
73,,,,,0.020247685548169792,0.48799663329343057
74,,,,,0.021060715940133184,0.5076954946237949
75,,,,,0.02071413192057655,0.504063184941153
76,,,,,0.019811750096552748,0.5140336316240263
77,,,,,0.02610550022216415,0.5270393822051448
78,,,,,0.021760394975939852,0.5116691081074376
79,,,,,0.020356008120224006,0.5094240531367102
80,,,,,0.0219613608530342,0.5098217191266552
81,,,,,0.027573397734708068,0.5396076160826366
82,,,,,0.02788273503399211,0.5424727147844096
83,,,,,0.02622905114235941,0.5284541622823155
84,,,,,0.03046351655452236,0.5260894226529251
85,,,,,0.034237216322230334,0.5333204970519019
86,,,,,0.029351366731097228,0.5412089191612586
87,,,,,0.02352893109207813,0.5204619814848004
88,,,,,0.023714337476146256,0.5034733907425157
89,,,,,0.01766468721430091,0.5086165849335201
90,,,,,0.024760926699534953,0.5262565493040947
91,,,,,0.022540734563574822,0.5164354261786543
92,,,,,0.014828837684053594,0.48819904448337936
93,,,,,0.016326711695451808,0.4938391993338601
94,,,,,0.01329290216437525,0.4804606266636694
95,,,,,0.014560732911858078,0.5025367557819874
96,,,,,0.0166398747103531,0.5341040868345038
97,,,,,0.01896812702360616,0.5347649586756857
98,,,,,0.01286409173046841,0.5165692524330772
99,,,,,0.023437286883199977,0.5344342665716335
100,,,,,0.017224692869714862,0.517407513005549
101,,,,,0.021079381557665512,0.5566322196153892
102,,,,,0.023824794623241462,0.5745674743658459
103,,,,,0.01748784350313574,0.5550120770398765
104,,,,,0.019759126216556663,0.5568863491540976
105,,,,,0.03286917953335073,0.5952005945633141
106,,,,,0.03407494613491612,0.6126555580180474
107,,,,,0.025120175567055897,0.5821846867407134
108,,,,,0.022444078670366734,0.5659299673784545
109,,,,,0.021380540209490793,0.5704396907996313
110,,,,,0.017311931678351104,0.565872414667569
111,,,,,0.018434840017711576,0.5617278799678915
112,,,,,0.021530191215209684,0.5697576487316963
113,,,,,0.0312517730088581,0.5865877751824881
114,,,,,0.029759016926023656,0.5582335848058767
115,,,,,0.025990042227072845,0.5680246582126071
116,,,,,0.03161620453882708,0.5613286551166893
117,,,,,0.03355648424916505,0.5664113356668413
118,,,,,0.031283088375676206,0.5715115273554323
119,,,,,0.02095636523965215,0.5361500993355536
120,,,,,0.02754986301110956,0.5779367269803216
121,,,,,0.023019356270117978,0.5744662986304292
122,,,,,0.026021134774826794,0.5678037538319444
123,,,,,0.03374900943428943,0.5834766375149355
124,,,,,0.04648926565228483,0.6214857299910584
125,,,,,0.045456391477007606,0.6401008000893353
126,,,,,0.042623975210457014,0.6562461830828152
127,,,,,0.03998843302600398,0.6357868140845144
128,,,,,0.060043875444460305,0.6236082200735764
129,,,,,0.04505428212018564,0.6289000085802475
130,,,,,0.017695582882513432,0.5599143224307364
131,,,,,0.03406856570005642,0.6014750798156699
132,,,,,0.03755257572740806,0.6063514784440962
133,,,,,0.02631825903942762,0.5947210276429463
134,,,,,0.02336096937404972,0.5746995363873304
135,,,,,0.032549250748478774,0.5837759379980955
136,,,,,0.0314057764121265,0.5763254320952694
137,,,,,0.03382005836705086,0.59700372923884
138,,,,,0.029659156693388873,0.5935965732742884
139,,,,,0.03287854685217022,0.6000341170959181
140,,,,,0.04167124920317892,0.6194940974824034
141,,,,,0.024085321578875628,0.5762443550494853
142,,,,,0.03875505085985848,0.6320444009418369
143,,,,,0.0589992530564902,0.6579793737746685
144,,,,,0.03918214063115296,0.6372402423378238
145,,,,,0.04433368523554381,0.6234136820555535
146,,,,,0.0706453181492709,0.6570327072706346
147,,,,,0.06281981993924846,0.6506477265396963
148,,,,,0.06877359430668747,0.6705713490093481
149,,,,,0.04598228897834571,0.6524377039672283
150,,,,,0.06418955399442089,0.6447322612260615
151,,,,,0.061614919106725174,0.6576458569438765
152,,,,,0.06541429065165828,0.6499850687720171
153,,,,,0.05466319502640905,0.6445724673580366
154,,,,,0.056017648974646235,0.6457876456942441
155,,,,,0.06869143910299809,0.6707583752309741
156,,,,,0.06353199907313076,0.6638531516393615
157,,,,,0.06272947511121688,0.660872353884665
158,,,,,0.053835971713652515,0.6551686725515079
159,,,,,0.05151407840856172,0.6766393619232187
160,,,,,0.06655448335757105,0.674932993010008
161,,,,,0.07454922542695533,0.6950333759059445
162,,,,,0.11523344485647713,0.7215574400596275
163,,,,,0.133758561770136,0.7404122829504797
164,,,,,0.11554898849911412,0.7091943387439302
165,,,,,0.09539711493494654,0.6925955007470608
166,,,,,0.11854420263661013,0.7159382092088771
167,,,,,0.11377116353288662,0.7131488304132001
168,,,,,0.1178827110708157,0.7119259358125065
169,,,,,0.08625733652319793,0.6880063054323415
170,,,,,0.09545822239561871,0.6937582821189405
171,,,,,0.13971421777049225,0.7317779176158511
172,,,,,0.10714241302648048,0.6919501297748646
173,,,,,0.10802875054334478,0.6929661782283265
174,,,,,0.18193053498171,0.7413432324545393
175,,,,,0.1454365491258033,0.7182699353730009
176,,,,,0.15223759646153398,0.7383412644264976
177,,,,,0.16183456816031183,0.7492929869615867
178,,,,,0.18575635634563809,0.7492351907786683
179,,,,,0.2096730962901546,0.7666607225017854
180,,,,,0.22147415334840603,0.7769722705161373
181,,,,,0.15275286191457893,0.748465196198601
182,,,,,0.16026296189968672,0.7443448407840348
183,,,,,0.09042264385819046,0.7017263766713339
184,,,,,0.11600693338830353,0.7099651077402555
185,,,,,0.14753062331632097,0.7269873365198273
186,,,,,0.11528999847533773,0.7071442217540074
187,,,,,0.14990713086085694,0.7276778741208239
188,,,,,0.1604092204592629,0.7181073484673786
189,,,,,0.1519565866746652,0.7181432426447459
190,,,,,0.15155430110419194,0.7251945819694652
191,,,,,0.18478041689329833,0.7498870970496434
192,,,,,0.16618705584673185,0.7298921531857003
193,,,,,0.15440263312449592,0.7304343810799545
194,,,,,0.12208007606608366,0.7044032662246043
195,,,,,0.11904394799670719,0.7089830809394049
196,,,,,0.12837290559860942,0.697073833632568
197,,,,,0.14095970488682583,0.7147261882028617
198,,,,,0.17661002940095674,0.737651834834661
199,,,,,0.1703082889210685,0.7404010943929129
200,,,,,0.1897837294390956,0.7564472200275004
201,,,,,0.2045799288227962,0.7639891254131868
202,,,,,0.2121154946068893,0.7639586236640065
203,,,,,0.20199799097241633,0.7481207115774113
204,,,,,0.16685362321073408,0.7290656170598386
205,,,,,0.18971153429433288,0.743209543627533
206,,,,,0.2142272667374068,0.7542219132024365
207,,,,,0.19668929611362548,0.759479581232546
208,,,,,0.20754887587750478,0.7649395340512888
209,,,,,0.22928815618014886,0.7835978677041864
210,,,,,0.17656875526497554,0.7404973591683374
211,,,,,0.1256952870175975,0.7085138186269383
212,,,,,0.15015790471372142,0.7303427814470674
213,,,,,0.17446109023240317,0.7477546277541786
214,,,,,0.19720968078097967,0.748498868432723
215,,,,,0.16196691373332328,0.7278970705307167
216,,,,,0.1926782644912934,0.755803293769215
217,,,,,0.20318132168861197,0.7532538062741654
218,,,,,0.17887666947362066,0.7521447221736872
219,,,,,0.19955559404013795,0.7686977519742366
220,,,,,0.24063443166223872,0.7734054167414912
221,,,,,0.1943765512854639,0.757034644208724
222,,,,,0.25070026364503695,0.781188287232989
223,,,,,0.2627095112414584,0.7841488759070369
224,,,,,0.19077709152368014,0.7491055536790013
225,,,,,0.21135236370875912,0.7604983983440502
226,,,,,0.22289438628835595,0.763000260538967
227,,,,,0.17909537835060002,0.7347772164686112
228,,,,,0.21174279501942908,0.7563325746500843
229,,,,,0.23072208703189373,0.7640678404113111
230,,,,,0.21017435887698055,0.7511407483364801
231,,,,,0.23031974851358897,0.7648011438961941
232,,,,,0.2341218082260236,0.7695216110742517
233,,,,,0.2949761078828882,0.798125275740093
234,,,,,0.28874958786852867,0.7922894626183884
235,,,,,0.27428285037570377,0.7871380971730927
236,,,,,0.2791007557906041,0.7901521830264268
237,,,,,0.3149721054747267,0.8246537631673838
238,,,,,0.2474056137642896,0.7874285702235724
239,,,,,0.1916269113413921,0.7554300215519664
240,,,,,0.24919095686378315,0.7774625512331085
241,,,,,0.1908836777407233,0.7466189605096776
242,,,,,0.18721795542309425,0.7431575184982395
243,,,,,0.22867534126955613,0.7696370568730257
244,,,,,0.30323120925895186,0.810097441598458
245,,,,,0.330775600938489,0.8228667854158137
246,,,,,0.2908579339245229,0.7904667887407486
247,,,,,0.12024315320662188,0.6924121291491381
248,,,,,0.1689524852925301,0.7107449965788909
249,,,,,0.15374354975914153,0.7057932666763168
250,,,,,0.21570115989509003,0.756691471020948
251,,,,,0.2470862338110078,0.7868765287953985
252,,,,,0.21919892907461735,0.7514524983592487
253,,,,,0.20764789447044027,0.7437954514439888
254,,,,,0.2453290895129781,0.7693308585076314
255,,,,,0.2283466878245983,0.7677866864412336
256,,,,,0.19510818918481287,0.7488925227588454
257,,,,,0.23914205920915,0.7763102726310926
258,,,,,0.23490316319323573,0.7720497626506087
259,,,,,0.22700424457509294,0.7648943250380016
260,,,,,0.13858233259585023,0.7067220306444244
261,,,,,0.1941636672326434,0.7380006514530677
262,,,,,0.17884350741132884,0.7260426857179463
263,,,,,0.20539552058480623,0.748228305015908
264,,,,,0.1608878641673604,0.7157424339136554
265,,,,,0.19911813821625843,0.7463325742783691
266,,,,,0.16641525800440785,0.7271657106609573
267,,,,,0.20465646971086546,0.756720595311066
268,,,,,0.24373465643241896,0.7754029183080764
269,,,,,0.23455549553214616,0.7720268366124331
270,,,,,0.28523912440904775,0.7972324305922456
271,,,,,0.2973803495873294,0.7949832420607764
272,,,,,0.33109737817296764,0.8075817120600127
273,,,,,0.28431412516281696,0.7986085115416366
274,,,,,0.2736831890615126,0.7941330912203934
275,,,,,0.21780581832737467,0.7580744008612045
276,,,,,0.23580309136656605,0.7625834452022248
277,,,,,0.20656435856943448,0.7585208027515654
278,,,,,0.1831164113437939,0.7457372802340321
279,,,,,0.22569351102633187,0.7609007948926022
280,,,,,0.28470515349096787,0.7926507657748354
281,,,,,0.3060912236438608,0.8043909868637528
282,,,,,0.27034838387416443,0.7825946908857142
283,,,,,0.2809439858284482,0.7916635633248045
284,,,,,0.27612708738070596,0.79101993474583
285,,,,,0.27647614227659323,0.7936207687429341
286,,,,,0.27079018262344,0.7917901521178035
287,,,,,0.2346455505386727,0.7800381518666416
288,,,,,0.290818621379753,0.8156429081638192
289,,,,,0.29558143725143515,0.8165897065450578
290,,,,,0.2747193952359523,0.8039180143925253
291,,,,,0.2711408402378442,0.801905826347038
292,,,,,0.2809524718112285,0.8055624653330637
293,,,,,0.2485794400282441,0.7904308767519636
294,,,,,0.2329354348689982,0.7878099407069439
295,,,,,0.276969909421543,0.8033229606766964
296,,,,,0.26858818748294283,0.7937865551785854
297,,,,,0.2643356125575566,0.8000963309221545
298,,,,,0.31058891083368867,0.8090964176511867
299,,,,,0.3067558787624432,0.8047516151075398
300,,,,,0.31466561634574974,0.8089681324210847
301,,,,,0.32477484374434673,0.8152322165567133
302,,,,,0.2994434682633145,0.8108089837707109
303,,,,,0.3026219966428203,0.8050374247440977
304,,,,,0.2938014561833268,0.8014415566904541
305,,,,,0.25054774280652,0.7753775754218879
306,,,,,0.2582589790855814,0.7811614529862001
307,,,,,0.30981262070418875,0.8109732625878424
308,,,,,0.3391982950151609,0.8236185621923585
309,,,,,0.3221957312015375,0.8157513612854659
310,,,,,0.33574720199778313,0.814924072811312
311,,,,,0.2847951861371601,0.7948397571022154
312,,,,,0.3187886537741718,0.809979095281492
313,,,,,0.3200437624441669,0.8164606389366363
314,,,,,0.3165677063031455,0.8153047549674957
315,,,,,0.29578169230594037,0.7977107426793092
316,,,,,0.27697612546337746,0.7927727572058141
317,,,,,0.2913638643274579,0.7973709871649092
318,,,,,0.2550068381884254,0.7854906354767661
319,,,,,0.266496713057846,0.7896150692536464
320,,,,,0.32157857903124454,0.8107619040577466
321,,,,,0.3433827370080623,0.826749009831567
322,,,,,0.36306472667270046,0.8275367752107375
323,,,,,0.377954999296344,0.8328267231010051
324,,,,,0.3497984774868557,0.8245879958361212
325,,,,,0.4032376427597292,0.8421182835350025
326,,,,,0.3543679149162812,0.8148374212514993
327,,,,,0.3222300996512294,0.8131920070696131
328,,,,,0.27533881276955346,0.788953384114029
329,,,,,0.24128423736517643,0.7787485539592821
330,,,,,0.27953532064332587,0.7981688520758513
331,,,,,0.26990422966729954,0.7928940434806614
332,,,,,0.3007486399518083,0.8082128792615394
333,,,,,0.3191934830458416,0.8146234647146107
334,,,,,0.3183142082657658,0.8162907369458291
335,,,,,0.27557679203998614,0.7890110683792659
336,,,,,0.27148075188938525,0.7965698765244633
337,,,,,0.2414595565542804,0.7885534654262779
338,,,,,0.2162522843444823,0.7674711394864243
339,,,,,0.22000988850594325,0.7688450231627297
340,,,,,0.23910017247629756,0.7772427241951634
341,,,,,0.26436451108004805,0.7926177313726754
342,,,,,0.2642454485054487,0.7872045304714598
343,,,,,0.24465381750445062,0.7757314287673005
344,,,,,0.24207756708383216,0.7865662677806782
345,,,,,0.2416336846417053,0.7761253642062288
346,,,,,0.2240455560958952,0.7691495586235275
347,,,,,0.25561522672160875,0.7846306192967851
348,,,,,0.23240279797410388,0.7784346434066679
349,,,,,0.2560310061942486,0.7895655813436837
350,,,,,0.2722107625699228,0.7959443916589641
351,,,,,0.23727781606943996,0.7765679482085172
352,,,,,0.2572192209493517,0.7871677330235083
353,,,,,0.2994314863428278,0.8103123709051304
354,,,,,0.34303779882834085,0.8230300626709383
355,,,,,0.3333412097242118,0.8212325949161636
356,,,,,0.35659910434214875,0.8275385620841776
357,,,,,0.3390163330422373,0.8228104718669629
358,,,,,0.3509598114850644,0.8275030789800742
359,,,,,0.338325347655314,0.8255259843662897
360,,,,,0.34542372864831317,0.8251878556027515
361,,,,,0.32854748354046437,0.8213644021624603
362,,,,,0.3618894815336942,0.8284428043281322
363,,,,,0.38795503670323955,0.8457724490812778
364,,,,,0.3683169103667572,0.8308487526345595
365,,,,,0.33002602073058696,0.8157560545831023
366,,,,,0.3705252348950896,0.83564451867365
367,,,,,0.3447821069006459,0.8281678500309197
368,,,,,0.40615074825765607,0.8474904959919336
369,,,,,0.36985703919525054,0.8330676556282813
370,,,,,0.38260178017679386,0.8355193458748319
371,,,,,0.3255036545211256,0.8065378710913567
372,,,,,0.3396159919850528,0.8155916555466004
373,,,,,0.35987247515197807,0.8293204715731207
374,,,,,0.35319763555371153,0.824306862391921
375,,,,,0.3625484747005984,0.8219629978359262
376,,,,,0.30880123602674053,0.8044438549072055
377,,,,,0.3396085270247407,0.8197662903424531
378,,,,,0.30978245628144246,0.8044570992330231
379,,,,,0.30208203530978334,0.8018900789710194
380,,,,,0.3106383347750051,0.8068463666788419
381,,,,,0.296583804275897,0.7997533465932988
382,,,,,0.2937207777432209,0.8007456549092625
383,,,,,0.26726532612583526,0.7804079494772075
384,,,,,0.30536632395052615,0.8010299461076491
385,,,,,0.3323731241974173,0.8170840125828168
386,,,,,0.30593887925133456,0.799514157752069
387,,,,,0.3300551015193911,0.8130932549612595
388,,,,,0.29948992381703754,0.7994400563741944
389,,,,,0.2989299994692093,0.8043740126216394
390,,,,,0.30987604871368785,0.8099712872584789
391,,,,,0.3629495752041628,0.8322918549781693
392,,,,,0.3572642643024143,0.828597888106382
393,,,,,0.356101239926224,0.8280176137487841
394,,,,,0.38012037459339443,0.840968777552126
395,,,,,0.3590835539019454,0.8270066215742141
396,,,,,0.33467340858555855,0.8179130381186853
397,,,,,0.31749697121125486,0.8123507827199177
398,,,,,0.29501229550702984,0.8047584663738686
399,,,,,0.3358292016225429,0.8256200822884818
400,,,,,0.3580293816586577,0.8346907187721393
401,,,,,0.37496526331240315,0.8369250289073535
402,,,,,0.3359552284140617,0.8203130005284807
403,,,,,0.28284234028387495,0.796327856867508
404,,,,,0.2757003672728878,0.7868238846534011
405,,,,,0.2773201468207711,0.786298156292369
406,,,,,0.30301588459502116,0.8055176497014567
407,,,,,0.3530597426090339,0.8215181949780483
408,,,,,0.35327184113695154,0.8266836365242088
409,,,,,0.39426706508962317,0.8363577684905568
410,,,,,0.37840501598512916,0.8249739356427503
411,,,,,0.3390849852897931,0.8157543941165623
412,,,,,0.3391633307319363,0.8165148919303248
413,,,,,0.3214387012692693,0.8117570649377557
414,,,,,0.3287864284303673,0.8107665329739605
415,,,,,0.35090225705058115,0.8244850095943985
416,,,,,0.3685644995418648,0.8323526219838467
417,,,,,0.36839054889216577,0.8311040468389324
418,,,,,0.35817599297218844,0.828339060046004
419,,,,,0.33373819576136504,0.8151341440735707
420,,,,,0.33776066055558157,0.8181103948437831
421,,,,,0.32116462520171907,0.8096216959928175
422,,,,,0.2943829350042758,0.7986944598437999
423,,,,,0.3191015502214843,0.8087488231088059
424,,,,,0.32627444880651346,0.8090886125703339
425,,,,,0.29333386001879996,0.7984876366211155
426,,,,,0.3179461696389151,0.8121158434607767
427,,,,,0.3097560938826282,0.8017420257771406
428,,,,,0.3139866970495771,0.8046649232744915
429,,,,,0.30666914085038055,0.7960587988607339
430,,,,,0.3008951593216869,0.7999271894987493
431,,,,,0.31911482403696095,0.800017538678886
432,,,,,0.30064068838384783,0.7917754638747313
433,,,,,0.3077896293069752,0.8025185654449569
434,,,,,0.3026664191239851,0.7962538524703291
435,,,,,0.30350447838438716,0.8072575796164704
436,,,,,0.30728879618077737,0.8074086382261416
437,,,,,0.3478738072964999,0.8329944576517695
438,,,,,0.3572984019262551,0.8312022298478945
439,,,,,0.35360058647328435,0.8299536747124618
440,,,,,0.34695955741308837,0.8266930150010452
441,,,,,0.3432429469057643,0.8278649457435813
442,,,,,0.39514396719195155,0.8463439621602797
443,,,,,0.40702932384592555,0.8503251377064133
444,,,,,0.3609603689734074,0.8300190320070404
445,,,,,0.3530491684478295,0.8288776244985564
446,,,,,0.36928552381019225,0.8339292087519303
447,,,,,0.3703570058947398,0.8270145034263573
448,,,,,0.3320584711910236,0.8158491986193285
449,,,,,0.3497859639317872,0.829540575887998
450,,,,,0.33835086889972676,0.8235627193574556
451,,,,,0.3131822627891499,0.8134915781741024
452,,,,,0.28275596915317436,0.7972150444367124
453,,,,,0.2849878866090703,0.8005595709807127
454,,,,,0.26665385309842304,0.7981666272481356
455,,,,,0.2472509698754976,0.7944747846823794
456,,,,,0.24184643022613012,0.7900845432988323
457,,,,,0.26498120395528957,0.7963574910510254
458,,,,,0.2613308062878371,0.7953935977089688
459,,,,,0.2579719987085271,0.7946242374001165
460,,,,,0.2573562316492514,0.7899599552636892
461,,,,,0.2478982751851735,0.792922359308741
462,,,,,0.2738638383104763,0.7985209548985439
463,,,,,0.3495796952184731,0.8276817782106182
464,,,,,0.34454290897087936,0.8260538796813767
465,,,,,0.3070436262961076,0.8149221840340003
466,,,,,0.33026733915374157,0.8197780610633698
467,,,,,0.2978539101601554,0.8035403305087829
468,,,,,0.26711389627534704,0.7884023870317506
469,,,,,0.3361486509842856,0.8267198496956968
470,,,,,0.3195628206853795,0.8190960482806673
471,,,,,0.3017704284844288,0.8079969481312343
472,,,,,0.30534007326480256,0.8096842316225634
473,,,,,0.28305466353346553,0.7994595866585511
474,,,,,0.302799857450883,0.8043503468025248
475,,,,,0.3688631186937073,0.8400378767553016
476,,,,,0.37283848897978183,0.8431216309929229
477,,,,,0.37249288417727766,0.8427311021555491
478,,,,,0.348816738598322,0.8296267001736991
479,,,,,0.33799494793413565,0.8235200838819995
480,,,,,0.31244770493254326,0.8212365058735732
481,,,,,0.2988109519434918,0.8130406779831248
482,,,,,0.2927146498857036,0.8057031250427306
483,,,,,0.30606630151154735,0.8094419566876907
484,,,,,0.3338468070297381,0.8161407313050698
485,,,,,0.344615106739117,0.8325861845855389
486,,,,,0.3157534899905828,0.8205577896796458
487,,,,,0.3267725083084465,0.8266716987604268
488,,,,,0.38797490455944605,0.8468049513148317
489,,,,,0.3490533429195192,0.8295928553261671
490,,,,,0.3450778434899986,0.8309661013328608
491,,,,,0.3412254459245847,0.8300081781294861
492,,,,,0.3517110968014755,0.8314355911959664
493,,,,,0.35434225781236584,0.8354173338151935
494,,,,,0.38783158565748155,0.8466907939627265
495,,,,,0.37146712962763334,0.8361306179437553
496,,,,,0.3345620063505874,0.8245192789838387
497,,,,,0.35187281114294755,0.8237676898340814
498,,,,,0.2985704115063219,0.8018355361257846
499,,,,,0.299641473953373,0.8028905611899558
500,,,,,0.32281666763338834,0.8182009138537136
501,,,,,0.34708407596779545,0.8286092736889237
502,,,,,0.31832249604534707,0.8202283701496482
503,,,,,0.3297531834321487,0.824055909058557
504,,,,,0.32888059026606925,0.8185292743876105
505,,,,,0.3230515009865984,0.8174342671929202
506,,,,,0.3484432820301614,0.8382854054332645
507,,,,,0.3467536250752139,0.8321498355660251
508,,,,,0.33029288611446234,0.8291108369117209
509,,,,,0.3404519582893568,0.8304082973236572
510,,,,,0.4175476148056437,0.8675353989418497
511,,,,,0.37561326300194514,0.8485761110225666
512,,,,,0.32725139221360433,0.8292330654152926
513,,,,,0.2684062187678969,0.7987917656919028
514,,,,,0.2818980621521922,0.8049056696314149
515,,,,,0.2689841468580442,0.7935458890314965
516,,,,,0.29316135772715624,0.8003052960054632
517,,,,,0.325154466649425,0.8171070612529489
518,,,,,0.41014357684451985,0.848810094249582
519,,,,,0.37754639389098027,0.8409114779966319
520,,,,,0.35720177874664777,0.8372124502586215
521,,,,,0.3559681366007547,0.8370191132128056
522,,,,,0.3475575036337452,0.8280294345439763
523,,,,,0.3412266330135595,0.8300635959867181
524,,,,,0.32966836844253283,0.8189650411638183
525,,,,,0.36145787845660704,0.8326683354290679
526,,,,,0.34719489641597395,0.8318903589409085
527,,,,,0.3000345402756393,0.802518075930338
528,,,,,0.2980199213951358,0.8092946411907486
529,,,,,0.29356410445385894,0.8023575488415935
530,,,,,0.31774258052822596,0.8155548052283845
531,,,,,0.32924477677183744,0.8164105213647385
532,,,,,0.33290481105008024,0.8143708123190294
533,,,,,0.3161193522492039,0.8100787415723051
534,,,,,0.33674550460491043,0.8215395610356427
535,,,,,0.3426205009001557,0.820962775219744
536,,,,,0.3930714614383059,0.8439275140907401
537,,,,,0.3699591643480673,0.8355285290876142
538,,,,,0.40211702159831825,0.8489006934847386
539,,,,,0.408501420929054,0.8534136729702166
540,,,,,0.37689095713805765,0.8418044073965099
541,,,,,0.35665330043546867,0.8302091411397451
542,,,,,0.3541486013438394,0.8291185526077713
543,,,,,0.3599916886445337,0.8337418037431814
544,,,,,0.35855319550954945,0.8334204730898614
545,,,,,0.37877649622208415,0.8457035102871211
546,,,,,0.35857057300692446,0.8331437754186957
547,,,,,0.32657870063448946,0.8207224662552405
548,,,,,0.36776628263362393,0.8318667829980503
549,,,,,0.3886970137666465,0.8379711622351863
550,,,,,0.37060147572363483,0.8321103336386622
551,,,,,0.32102210066440656,0.8159562921471277
552,,,,,0.31974943370176123,0.8173437886667617
553,,,,,0.33355980516133177,0.8239480781907236
554,,,,,0.3210394917007167,0.8189493335283355
555,,,,,0.2670320732286914,0.7991595421224332
556,,,,,0.31807327430004795,0.8188670477002742
557,,,,,0.30157223424157664,0.8090960426020287
558,,,,,0.34545984305228683,0.8249415703201562
559,,,,,0.3781431574832764,0.838549950533259
560,,,,,0.38712018294557493,0.8367726677936427
561,,,,,0.37365178358084217,0.8366448470119278
562,,,,,0.37713188160623035,0.8403127458392259
563,,,,,0.3985968349721595,0.8475718442996143
564,,,,,0.40916823621237136,0.8513542410304679
565,,,,,0.3888907747005509,0.8460619037032662
566,,,,,0.39139899626466457,0.8484149679803286
567,,,,,0.37056852917341676,0.840520545372942
568,,,,,0.40637307595565925,0.8581862562133357
569,,,,,0.4253077647827418,0.8568577824379948
570,,,,,0.41883244008804044,0.8553785460893459
571,,,,,0.4662628510035356,0.8774450001872631
572,,,,,0.4301195220395366,0.8614277583418622
573,,,,,0.4077662263810652,0.8529053191516046
574,,,,,0.401469833377381,0.8478865217935949
575,,,,,0.380332005954112,0.8474425019378364
576,,,,,0.36609758612207677,0.8437640545754271
577,,,,,0.41529291000019775,0.8515210068971935
578,,,,,0.3925296412573671,0.8420900928344437
579,,,,,0.36717567846507654,0.8374905622592691
580,,,,,0.36235518713007725,0.8320619675365475
581,,,,,0.36856392901627616,0.8349932363934256
582,,,,,0.39818956331921035,0.8446949188740669
583,,,,,0.36575627008513373,0.8361062868866035
584,,,,,0.37983787355810844,0.8427963350260175
585,,,,,0.34214788777447563,0.8252911641296251
586,,,,,0.361339209755762,0.8329049516094892
587,,,,,0.3420404631274706,0.8245762248608304
588,,,,,0.35425350096236236,0.8328684573485431
589,,,,,0.3672871379351692,0.8325662050038277
590,,,,,0.3780960240624443,0.83914699798107
591,,,,,0.41390082704243253,0.8543734246644422
592,,,,,0.40170991325197136,0.8475243459169396
593,,,,,0.39861544359696627,0.8521868692774264
594,,,,,0.3711811613842719,0.8371401405052391
595,,,,,0.32451713750557215,0.8244139877635179
596,,,,,0.3644307282646635,0.8312098232667291
597,,,,,0.33949388637908245,0.82658404624351
598,,,,,0.3078369446160885,0.8127672598089469
599,,,,,0.2935046453273952,0.8045579960449166
600,,,,,0.31122057989578134,0.8094960654463639
